ID,Name,Email,Age,Country
1,John Doe,johndoe@example.com,29,USA
2,Jane Smith,janesmith@example.com,34,Canada
3,Bob Johnson,bobjohnson@example.com,42,UK
4,Alice Brown,alicebrown@example.com,27,Australia
5,Charlie Davis,charliedavis@example.com,31,USA
6,Eva Green,evagreen@example.com,25,Ireland
7,Frank Harris,frankharris@example.com,37,Germany
8,Grace Lee,gracelee@example.com,29,South Korea
9,Hank Miller,hankmiller@example.com,33,Netherlands
10,Isla Nelson,islanelson@example.com,28,New Zealand
11,Jack O'Brien,jackobrien@example.com,45,USA
12,Karen Parker,karenparker@example.com,30,Canada
13,Leo Quinn,leoquinn@example.com,41,Ireland
14,Mia Roberts,miaroberts@example.com,26,UK
15,Nina Scott,ninascott@example.com,32,Australia
